{
    "dev": {
        "app_function": "app.app",
        "aws_region": "us-east-1",
        "exclude": [".*", "*.json", "*.md", "*.txt"],
        "keep_warm": false,
        "log_level": "INFO",
        "manage_roles": false,
        "profile_name": "serverless",
        "project_name": "tr-template-relay",
        "role_name": "tr-serverless-relay-ZappaLambdaExecutionRole",
        "runtime": "python3.7",
        "s3_bucket": "zappa-meraki-tr-module",
        "disabled____environment_variables": {
            "securex_client_id": "client-5c2ccacb-b65b-4391-9b67-21f9a42b82b5",
            "securex_client_password": "qQ8le--m2q_e8I5zx_J1Eq9NhBuKO7N0rOGzZrnnjwc3vtvGQBMQ0g",
            "meraki_api_key": "49ee42f1dce67de5b56c9d4a7e998cbb8beacc3e",
            "meraki_org_name": "Josh Anderson"
        },
        "disabled____touch_path": "/health"
    }
}
